StartDate,EndDate,Status,Progress,Duration (in seconds),Finished,RecordedDate,ResponseId,DistributionChannel,UserLanguage,oswiadczam,Q20,Q22,Q21,Q23,Q32_1,Q32_2,Q3_1,Q3_2,Q3_3,Q3_4,Q3_5,Q3_6,Q3_7,Q3_8,Q3_9,Q3_10,Q3_11,Q3_12,Q3_13,Q3_14,Q3_15,Q3_16,Q3_17,Q3_18,Q3_19,Q3_20,Q3_21,Q3_22,Q3_23,Q3_24,Q3_25,Q3_26,Q3_27,Q3_28,Q3_29,Q3_30,Q3_31,Q3_32,Q3_33,Q3_34,Q3_35,Q3_36,Q3_37,Q3_38,Q3_39,Q3_40,Q3_41,Q3_42,Q3_43,Q3_44,Q3_45,Q3_46,Q3_47,Q3_48,Q3_49,Q3_50,Q3_51,Q3_52,Q3_53,Q3_54,Q3_55,Q3_56,Pytanie 1,Pytanie 1_1_TEXT,Pytanie 2,Pytanie 2_1_TEXT,Pytanie 3,Pytanie 3_1_TEXT,Pytanie 4,Pytanie 4_1_TEXT,Q15,Q15_1_TEXT,Q16,Q16_1_TEXT,Q18,Q18_1_TEXT
2024-05-02 12:43:15,2024-05-02 12:49:02,0,100,346,1,2024-05-02 12:49:03,R_3rC30BP9ZUyHPbV,anonymous,EN,1,3,21,5,3,2,2,3,4,3,4,4,2,4,2,4,4,4,4,4,3,5,4,3,4,4,4,4,4,2,4,4,4,4,2,4,4,4,4,4,4,4,4,4,3,2,2,2,3,3,3,4,4,5,4,4,4,3,2,3,4,4,2,2,,1,0,2,,1,0,1,20,1,20,1,600
2024-05-02 12:48:26,2024-05-02 12:57:21,0,100,535,1,2024-05-02 12:57:22,R_6eIuR8IddnuOkdS,anonymous,EN,1,1,21,1,3,5,5,5,5,4,4,4,2,2,4,2,4,4,5,2,4,5,5,3,4,4,4,4,4,4,3,4,4,3,4,4,2,4,4,4,4,3,4,4,4,3,4,2,4,4,4,5,4,3,4,4,4,3,3,2,2,5,3,1,2,1,2,3,,2,,1,4,1,3,1,240
2024-05-02 13:22:40,2024-05-02 13:39:57,0,100,1037,1,2024-05-02 13:39:58,R_4HZlAA5rZauqJbE,anonymous,EN,1,3,21,5,3,3,4,5,4,1,1,4,2,5,3,4,4,3,4,4,2,2,4,3,5,2,4,5,4,3,4,2,5,5,4,2,4,3,4,2,4,1,1,4,1,1,4,2,4,1,2,5,3,1,3,3,4,4,2,4,1,5,4,1,1,1,120,1,2,1,20,1,5,1,50,2,
2024-05-02 14:07:57,2024-05-02 14:16:57,0,100,539,1,2024-05-02 14:16:58,R_5mElCQERVHMSnyV,anonymous,EN,1,1,22,1,3,4,4,3,4,2,3,4,2,3,2,1,4,4,4,4,2,4,4,2,5,3,4,4,4,2,3,2,3,2,2,4,2,3,4,2,2,2,3,4,2,2,4,4,3,4,2,4,4,2,2,4,2,4,2,3,2,4,2,1,3,1,"Ok. 3 godziny ",1,2,1,"Ok. 3 godziny ",1,"5 dni ",1,"Ok. 20 minut ",2,
2024-05-02 14:54:33,2024-05-02 15:07:03,0,100,749,1,2024-05-02 15:07:04,R_2PFvHqy3BBHWYHD,anonymous,EN,1,1,21,2,3,4,4,5,5,4,4,3,3,2,3,4,4,3,1,3,3,4,4,3,3,4,4,4,3,4,3,2,4,3,5,3,3,3,5,3,5,2,4,4,2,2,4,3,4,5,4,4,3,2,3,5,4,3,3,5,5,3,4,1,2,1,60,1,2,1,30,1,7,1,40,1,300
2024-05-02 16:00:51,2024-05-02 16:09:52,0,100,540,1,2024-05-02 16:09:52,R_2t03lfoMGqVNb0d,anonymous,EN,1,1,21,4,4,4,5,4,5,3,4,3,2,4,4,1,4,4,5,2,2,1,4,4,5,4,5,5,4,2,4,2,4,2,2,5,4,3,2,3,4,3,4,5,2,5,2,5,2,2,2,2,4,2,2,4,4,4,2,3,2,4,2,1,5,2,,1,6,2,,1,6,2,,2,
2024-05-03 16:48:30,2024-05-03 17:03:07,0,100,877,1,2024-05-03 17:03:08,R_8i85SsB9Vr2DDaN,anonymous,EN,1,1,22,5,3,3,4,5,4,3,3,3,2,4,1,2,2,3,4,3,3,2,4,2,3,3,3,3,5,4,4,2,4,4,4,2,5,2,4,4,5,5,5,4,3,2,1,2,2,4,3,1,5,2,2,2,4,3,3,4,3,5,4,2,,1,0,2,,1,0,1,7,1,"60 ",1,180
2024-05-05 10:37:47,2024-05-05 10:44:48,0,100,420,1,2024-05-05 10:44:49,R_8PHWNpkw0P0LmoF,anonymous,EN,1,1,22,5,3,3,4,5,5,3,4,3,4,2,3,1,5,4,2,4,3,2,4,5,4,4,4,4,4,2,3,3,4,4,4,5,5,3,3,2,2,2,3,4,3,3,4,2,2,2,2,5,2,3,2,4,4,4,1,4,3,5,3,1,5,1,30,1,2,1,30,1,3,1,15,1,300
2024-05-06 13:20:13,2024-05-06 14:10:39,0,100,3026,1,2024-05-06 14:10:40,R_2FRJK0hEjKY2sFg,anonymous,EN,1,1,21,5,3,2,3,2,2,2,2,2,3,3,3,3,3,3,3,3,3,3,3,3,3,3,3,3,3,3,3,3,3,3,3,3,3,3,3,3,3,3,3,3,3,3,3,3,3,3,4,3,5,5,3,3,3,4,4,3,4,3,3,1,1,1,20,2,,2,,2,,2,,2,
2024-05-08 04:33:40,2024-05-08 04:43:12,0,100,571,1,2024-05-08 04:43:13,R_4pXn287LAg9HUo1,anonymous,EN,1,1,22,4,3,3,3,5,4,3,4,4,2,4,3,2,4,5,2,3,1,3,2,3,4,3,2,4,4,3,2,2,4,3,4,4,3,3,3,3,3,4,2,3,3,2,2,2,3,1,4,3,4,4,4,3,3,4,2,4,3,4,3,3,,2,,1,4,1,6h,1,6,1,4h,1,5h
2024-05-08 05:04:26,2024-05-08 05:37:52,0,100,2005,1,2024-05-08 05:37:52,R_2qKAAWm8hDRdFPX,anonymous,EN,1,1,24,5,3,2,3,5,5,2,4,2,1,3,1,1,2,4,3,2,1,1,4,2,4,4,4,4,3,2,4,2,4,2,3,5,1,4,2,4,4,4,3,2,2,2,1,2,4,3,4,1,2,4,2,4,3,3,1,3,4,5,2,2,,2,,2,,2,,1,7,1,30,1,4 godziny
2024-05-08 06:39:54,2024-05-08 06:58:15,0,100,1100,1,2024-05-08 06:58:15,R_8hFFxHejiv4pbOS,anonymous,EN,1,3,21,5,3,3,2,5,3,1,2,3,4,4,3,2,4,3,3,5,1,3,1,2,4,2,4,5,3,3,2,2,4,2,2,1,2,1,5,1,1,1,1,4,4,4,5,3,2,5,2,5,1,1,4,2,1,4,1,2,1,3,5,2,,1,0,1,,1,10,1,3,1,60,1,15 godzin
2024-05-08 07:13:11,2024-05-08 07:18:12,0,100,301,1,2024-05-08 07:18:13,R_2Jfj4rDzUbKIWch,anonymous,EN,1,1,20,5,3,4,4,4,4,3,2,3,2,4,3,2,4,1,3,3,2,2,2,3,4,3,5,5,3,4,3,1,4,2,4,4,3,3,5,2,2,2,2,3,2,2,4,2,3,4,4,3,4,1,3,5,2,4,4,2,1,4,4,1,3,1,40,1,4,1,120,1,7,1,180,1,420
2024-05-08 07:23:56,2024-05-08 07:35:50,0,100,713,1,2024-05-08 07:35:50,R_7ptiFqiwDkPcuHR,anonymous,EN,1,1,29,5,4,4,4,4,4,3,4,4,3,4,3,2,4,4,2,5,2,2,3,3,4,5,4,4,4,3,3,2,4,3,3,4,3,3,4,3,2,4,3,4,3,2,3,3,3,4,3,4,4,4,3,4,2,4,2,3,3,4,2,1,4,1,30,1,5,1,60,1,7,1,120,1,600
2024-05-08 07:37:23,2024-05-08 07:45:03,0,100,460,1,2024-05-08 07:45:04,R_1HNdh2LJi4WOMuf,anonymous,EN,1,3,25,5,4,4,4,3,4,4,4,3,2,1,3,2,5,4,4,5,2,3,3,4,5,5,3,5,4,2,4,3,5,4,4,4,5,4,4,2,2,4,4,4,3,2,5,3,4,2,4,5,2,2,2,4,2,5,2,3,3,4,3,2,,2,,1,2,1,150,2,,1,0,2,
2024-05-08 07:41:37,2024-05-08 07:47:07,0,100,330,1,2024-05-08 07:47:08,R_2KlKOKNtoJpYOhk,anonymous,EN,1,3,35,2,4,4,4,4,4,3,4,5,3,3,4,2,3,3,2,2,2,3,4,3,4,5,4,3,4,4,4,3,4,4,3,4,2,3,4,3,4,3,4,4,3,2,2,2,4,2,4,2,4,4,4,3,4,2,2,4,4,4,2,1,4,1,70,1,5,1,30,1,7,1,20,1,300
2024-05-08 07:44:09,2024-05-08 07:48:13,0,100,243,1,2024-05-08 07:48:13,R_5Y4F24qIRp5DjJ7,anonymous,EN,1,1,37,4,4,4,3,5,4,5,5,3,2,2,4,2,4,3,2,3,4,2,4,2,4,2,2,4,4,4,4,4,2,4,3,4,2,4,3,4,4,3,3,4,4,4,2,4,4,2,4,2,4,3,3,3,4,2,2,4,4,4,4,1,4,1,60,1,3,1,60,1,6,1,80,1,300
2024-05-08 07:37:25,2024-05-08 07:49:57,0,100,752,1,2024-05-08 07:49:58,R_21jSO06v6WEuuHm,anonymous,EN,1,3,27,5,4,4,4,3,2,1,2,4,1,2,3,2,3,1,2,4,1,1,3,2,5,3,1,3,1,3,2,4,3,2,3,2,4,2,3,3,3,4,2,4,5,2,1,3,2,5,1,2,2,3,2,1,4,2,3,5,4,4,3,1,3,1,90,1,2,1,30,1,6,1,10,1,600
2024-05-08 07:48:48,2024-05-08 07:52:54,0,100,245,1,2024-05-08 07:52:54,R_24CEr2lOkYJULKh,anonymous,EN,1,1,24,4,4,4,3,5,4,1,2,1,3,4,5,1,4,1,3,5,2,1,5,5,5,1,3,5,1,3,2,5,2,3,5,1,5,4,3,2,5,2,4,2,3,3,2,2,4,3,3,2,2,3,2,4,3,2,1,4,1,4,4,1,6,1,360,1,4,2,,1,7,1,20,1,320
2024-05-08 07:49:06,2024-05-08 07:54:19,0,100,312,1,2024-05-08 07:54:20,R_4zG3GgKcpfRWcLf,anonymous,EN,1,1,26,3,4,2,2,4,4,2,2,2,3,3,5,5,5,3,5,5,5,3,2,5,4,3,4,5,3,5,5,3,5,3,5,3,3,4,5,5,3,2,3,5,5,5,5,3,4,2,5,5,5,5,5,4,1,5,3,2,1,4,5,2,,2,,2,,2,,1,5,1,60 minut,2,
2024-05-08 07:52:19,2024-05-08 08:08:09,0,100,949,1,2024-05-08 08:08:09,R_20HP1CRXVu6OwwD,anonymous,EN,1,1,37,4,4,2,2,1,1,1,1,1,1,2,4,1,4,1,5,5,1,1,4,3,4,5,1,4,1,4,4,5,4,3,2,1,1,4,4,3,5,3,4,4,2,3,4,4,4,4,4,5,4,4,4,1,4,4,4,3,3,4,2,2,,2,,1,,1,30,1,5,1,60,2,
2024-05-08 08:00:56,2024-05-08 08:10:55,0,100,598,1,2024-05-08 08:10:56,R_4OlTIYGblrjbp26,anonymous,EN,1,3,23,5,4,5,4,4,5,3,5,4,4,1,2,4,5,5,5,4,2,2,5,4,5,5,2,4,3,2,3,4,5,5,2,2,4,5,2,2,5,4,5,5,2,4,4,2,4,1,4,5,2,5,1,2,5,4,4,5,4,5,4,1,5,1,60,1,2,1,60,1,7,1,30,1,600
2024-05-08 08:18:03,2024-05-08 08:31:32,0,100,809,1,2024-05-08 08:31:33,R_3XoBC4NIlVrIqvD,anonymous,EN,1,1,30,5,4,4,4,1,3,3,5,3,4,2,3,5,4,1,2,5,2,4,5,2,2,3,1,5,5,4,2,5,3,5,2,2,4,2,3,4,5,3,4,4,3,2,4,2,3,5,2,4,2,4,3,4,5,3,3,4,5,2,2,1,5,2,,1,5,2,,1,,1,2,1,480
2024-05-08 08:23:46,2024-05-08 08:33:33,0,100,587,1,2024-05-08 08:33:33,R_66ZdJdBH01l6pvr,anonymous,EN,1,3,22,5,3,5,5,5,4,3,5,3,4,5,1,4,5,4,3,5,1,5,2,4,4,3,5,5,4,2,2,1,4,4,2,5,5,4,4,1,2,1,4,4,3,2,5,1,4,5,1,5,1,1,3,5,3,4,2,3,4,5,3,1,4,1,90,1,2,1,30,1,5,1,20,1,360
2024-05-08 08:37:02,2024-05-08 08:43:58,0,100,415,1,2024-05-08 08:43:59,R_3M5lUkzOMi7kjED,anonymous,EN,1,1,30,5,4,3,4,4,4,3,4,4,2,3,2,4,2,4,4,3,3,1,3,2,4,2,3,4,4,2,4,2,2,2,4,3,3,2,5,2,3,2,2,4,3,2,1,4,2,4,3,4,2,2,2,4,3,2,2,2,4,4,3,1,2,1,60,1,2,1,60,1,,1,120,1,600
2024-05-08 08:42:55,2024-05-08 08:49:49,0,100,414,1,2024-05-08 08:49:50,R_2OVwuXuc0wywF33,anonymous,EN,1,1,22,5,3,3,3,4,2,3,2,3,2,4,5,4,3,2,4,2,2,4,4,3,2,2,3,2,3,4,3,4,3,2,3,2,2,3,4,3,4,2,4,3,3,3,2,2,3,1,4,2,4,4,3,4,4,3,4,3,3,4,2,1,2,1,4 godziny,1,4,1,20 minut,1,3,1,3 godziny,2,
2024-05-08 08:41:12,2024-05-08 08:51:10,0,100,597,1,2024-05-08 08:51:10,R_3O1AFPOSFOPjkTT,anonymous,EN,1,2,26,2,4,4,5,3,5,3,5,5,1,1,5,1,5,1,1,4,1,1,5,4,2,1,2,4,2,4,2,4,4,3,4,1,4,4,4,4,4,4,5,2,2,1,2,4,4,1,1,2,4,1,3,1,5,2,1,3,1,1,2,1,6,2,,1,7,2,,1,7,2,,2,
2024-05-08 08:35:23,2024-05-08 08:52:03,0,100,999,1,2024-05-08 08:52:04,R_1oGoX7fEErOByi5,anonymous,EN,1,1,43,5,4,3,3,4,5,3,3,3,1,3,4,3,4,4,5,4,3,2,2,4,4,4,5,4,4,4,5,3,5,3,5,3,2,4,5,4,3,5,4,5,4,3,3,4,4,2,4,3,5,1,4,2,2,4,5,4,4,5,4,3,,2,,3,,2,,1,7,1,30,2,
2024-05-08 08:50:29,2024-05-08 09:06:30,0,100,960,1,2024-05-08 09:06:31,R_1gLx9amLukrn7rG,anonymous,EN,1,1,30,5,4,2,4,3,4,4,4,3,4,3,4,2,4,4,4,4,2,4,3,2,4,2,3,4,4,4,4,3,4,3,3,3,4,2,3,3,3,4,2,4,3,2,3,2,2,4,3,3,3,4,3,4,2,4,4,3,4,4,4,1,1,1,15,2,,2,,1,4,1,120,1,720
2024-05-08 08:36:21,2024-05-08 09:08:43,0,100,1942,1,2024-05-08 09:08:44,R_3t4qk1mJZdR4gup,anonymous,EN,1,1,21,3,3,4,4,4,4,2,1,3,2,4,2,2,4,5,3,4,1,3,2,3,3,4,5,4,2,2,3,1,4,2,3,4,3,4,4,2,2,2,1,2,1,2,3,1,3,4,3,4,3,1,3,4,2,3,3,2,2,4,2,1,1,1,60min,1,3,1,60min,1,5,1,120min,1,5h
2024-05-08 09:33:08,2024-05-08 09:42:10,0,100,541,1,2024-05-08 09:42:10,R_8eQO2txRDH14NYr,anonymous,EN,1,1,20,5,3,4,4,4,4,3,2,3,2,4,3,2,4,4,5,2,2,2,2,3,4,5,4,4,3,3,4,2,4,2,4,5,3,3,4,3,3,2,2,3,2,2,2,3,2,1,3,2,4,2,3,4,2,4,2,4,1,5,4,1,3,1,60,1,4,1,30,1,7,2,,1,300
2024-05-08 09:42:09,2024-05-08 09:52:02,0,100,592,1,2024-05-08 09:52:02,R_2cZuKhJzbjMYMMx,anonymous,EN,1,3,18,2,3,3,3,4,2,1,2,3,2,2,2,4,3,4,2,2,1,2,2,2,3,1,2,3,4,2,3,2,4,1,3,2,3,3,2,4,2,2,1,4,1,1,2,2,3,4,3,2,3,1,4,2,1,3,3,2,1,4,2,2,,2,,1,3,1,90,1,7,2,,2,
2024-05-08 09:39:03,2024-05-08 09:53:06,0,100,843,1,2024-05-08 09:53:07,R_1EZ4JdGOmlzuw4r,anonymous,EN,1,3,19,1,3,4,4,5,3,4,2,4,2,1,4,1,3,3,4,2,4,3,2,3,5,4,2,2,3,4,5,3,5,5,3,5,2,3,2,2,2,4,2,4,2,2,3,2,3,3,4,2,4,5,2,4,3,3,2,2,4,5,3,1,4,1,180,1,5,1,60-120,1,5,1,30,1,300
2024-05-08 09:53:03,2024-05-08 09:59:41,0,100,397,1,2024-05-08 09:59:42,R_4sZ7UcyqRXnvAG2,anonymous,EN,1,1,20,5,3,4,5,4,3,2,3,3,4,2,4,3,2,4,4,2,2,2,3,2,3,2,4,2,4,4,2,3,4,4,2,3,2,3,4,4,3,4,4,4,2,2,1,1,4,5,4,2,4,1,3,1,3,2,3,2,4,5,2,2,,2,,1,3,1,20,1,7,2,,1,300
2024-05-08 09:26:46,2024-05-08 10:01:54,0,100,2107,1,2024-05-08 10:01:55,R_2Ro1ZMjRjSf9RmN,anonymous,EN,1,3,19,3,3,2,3,4,4,4,2,2,2,2,4,3,3,5,3,5,1,5,2,2,4,2,4,3,3,4,4,1,3,4,2,3,2,3,3,2,2,1,1,2,4,1,4,1,2,2,3,5,4,5,4,5,1,4,2,1,2,4,2,2,,2,,1,3,1,30,1,5,1,80,1,360
2024-05-08 09:56:05,2024-05-08 10:04:06,0,100,481,1,2024-05-08 10:04:07,R_3oXV9L9mcLcQWTF,anonymous,EN,1,1,18,2,1,2,4,5,5,4,5,3,2,3,4,1,2,1,5,1,2,4,5,2,3,3,3,4,5,3,4,4,4,4,4,2,2,5,5,2,5,3,5,3,1,1,2,5,5,3,4,1,4,4,4,1,5,2,3,4,4,5,4,2,,2,,1,4,2,,1,4,2,,2,
2024-05-08 09:58:31,2024-05-08 10:07:38,0,100,547,1,2024-05-08 10:07:39,R_2pWm8gVIoDOxyDT,anonymous,EN,1,1,24,5,4,3,4,4,4,3,2,4,1,2,2,1,4,5,2,4,1,1,1,2,5,2,5,5,1,2,3,1,2,1,2,3,4,1,4,2,1,1,4,3,2,4,4,1,1,4,2,4,1,1,1,3,1,4,1,3,1,3,1,2,,1,0,2,,1,0,1,7,1,"1,5 godziny ",1,conajmniej 8 godzin
2024-05-08 09:56:01,2024-05-08 10:13:25,0,100,1043,1,2024-05-08 10:13:25,R_26mc0FnhC3bm4w9,anonymous,EN,1,3,55,3,4,5,5,5,4,4,3,4,2,4,3,2,3,4,2,3,5,3,4,4,5,3,5,3,2,4,3,4,2,3,4,5,2,4,5,4,4,3,1,4,2,1,4,2,3,3,3,4,4,2,3,4,3,3,3,3,3,3,2,1,5,1,20,1,5,1,20,1,7,1,60,1,500
2024-05-08 10:44:15,2024-05-08 10:58:05,0,100,829,1,2024-05-08 10:58:06,R_7L9QReVK7bCIkwh,anonymous,EN,1,1,31,4,4,5,5,5,3,4,2,4,3,5,2,1,5,3,5,4,1,2,4,4,4,5,4,4,4,2,2,3,5,1,4,1,5,3,4,2,4,1,1,4,3,1,4,2,2,5,3,4,4,5,3,4,2,1,2,4,1,4,4,1,2,1,80,1,1,1,40,1,5,1,40,1,540
2024-05-08 11:40:08,2024-05-08 11:50:19,0,100,610,1,2024-05-08 11:50:19,R_8tPwjE3f7XUeZ2x,anonymous,EN,1,3,21,5,3,2,4,4,2,2,5,3,2,1,1,1,2,2,4,3,2,4,5,2,5,3,2,3,5,1,3,4,3,5,3,2,3,1,3,4,4,4,4,3,2,2,2,4,2,1,2,2,1,4,3,3,4,3,1,4,4,4,2,2,,2,,2,,2,,1,5,1,30,1,480
2024-05-08 07:33:22,2024-05-08 12:26:32,0,100,17590,1,2024-05-08 12:26:33,R_4uq8eS2LSKVGZJf,anonymous,EN,1,3,27,5,4,5,4,4,4,2,3,4,2,2,2,4,2,3,2,3,3,3,2,2,4,2,3,3,3,2,3,2,4,4,4,4,2,2,3,3,3,4,4,4,4,3,2,2,3,3,2,4,4,4,3,3,3,3,2,4,4,3,4,1,3,1,70,2,,2,,1,2,1,40,1,700
2024-05-08 12:21:04,2024-05-08 12:31:39,0,100,634,1,2024-05-08 12:31:40,R_5sR9dRCrO0SsbZo,anonymous,EN,1,1,29,3,4,2,2,4,5,3,4,4,5,3,4,2,4,3,2,4,2,4,4,3,4,3,3,4,2,3,2,3,3,3,2,3,4,2,2,3,3,2,2,3,2,2,4,4,2,4,3,3,4,3,3,4,3,2,4,3,3,4,2,2,,2,,2,,2,,1,7,2,,2,
2024-05-08 12:20:32,2024-05-08 12:33:32,0,100,779,1,2024-05-08 12:33:32,R_7V4NMLUTvfjgX5e,anonymous,EN,1,3,50,3,4,2,3,4,4,3,3,4,3,2,3,2,4,4,4,4,2,3,3,3,4,4,3,4,3,3,3,3,3,3,4,3,3,4,3,2,4,2,2,3,2,1,3,2,2,3,3,4,2,3,3,4,2,4,3,3,3,4,3,1,3,1,150,3,,2,,1,3,1,30,1,480
2024-05-08 13:01:05,2024-05-08 13:13:31,0,100,745,1,2024-05-08 13:13:32,R_22DGYRS5SAaEBk4,anonymous,EN,1,1,42,5,4,2,3,4,3,2,2,2,2,3,3,4,4,4,3,4,2,3,3,4,3,4,4,4,2,3,4,4,3,3,3,3,4,3,4,3,4,2,2,3,2,3,4,3,2,4,3,4,3,4,3,4,3,4,2,3,2,4,2,1,1,1,45,1,2,1,60,1,7,1,420,1,600
2024-05-08 13:47:41,2024-05-08 13:58:32,0,100,651,1,2024-05-08 13:58:33,R_5esMl5Po2jPCPWu,anonymous,EN,1,1,28,5,4,3,2,4,4,2,4,4,3,4,2,3,4,4,2,2,2,2,4,3,5,2,4,4,3,2,2,2,4,3,2,4,4,2,4,2,4,2,2,4,2,2,3,4,3,4,2,2,4,4,2,4,4,2,2,2,3,4,4,2,,2,,2,,2,,1,5,1,20,2,
2024-05-08 14:39:55,2024-05-08 14:53:48,0,100,832,1,2024-05-08 14:53:48,R_8fqrrbNgHA7n4qd,anonymous,EN,1,1,52,5,3,2,3,5,5,4,4,4,4,5,4,4,3,5,5,5,4,5,2,4,4,5,5,5,1,4,4,1,4,1,2,5,4,4,4,2,1,4,3,4,3,4,4,5,4,2,5,4,4,4,4,5,2,4,4,4,4,4,4,1,7,1,30,1,5,1,60,1,7,1,60,1,60
2024-05-08 15:03:04,2024-05-08 15:18:44,0,100,939,1,2024-05-08 15:18:45,R_5GOf5URTb1YSohT,anonymous,EN,1,1,53,5,3,5,5,5,5,3,2,3,2,3,3,2,4,5,2,4,2,4,4,4,4,1,4,5,1,3,3,3,4,2,2,4,4,2,3,2,3,2,4,5,1,2,1,1,2,4,4,4,2,3,4,4,4,3,2,3,4,3,2,1,3,1,180,3,,1,120,1,7,1,120,1,30
2024-05-08 16:04:39,2024-05-08 16:15:13,0,100,634,1,2024-05-08 16:15:14,R_7P5Cw2AsvL8xWL1,qr,EN,1,1,20,5,3,3,4,5,4,5,2,5,1,2,5,2,4,4,2,1,4,3,4,4,5,4,4,5,4,4,4,2,5,3,4,3,2,4,4,1,4,2,4,4,4,3,2,2,4,1,2,2,4,5,5,2,3,2,5,5,2,2,4,1,2,2,,1,3,1,300,1,7,1,25,1,240
2024-05-09 00:03:21,2024-05-09 00:29:12,0,100,1550,1,2024-05-09 00:29:13,R_2kdqPCO4oIZSpLr,anonymous,EN,1,1,38,4,4,4,5,5,5,3,4,2,4,4,3,2,3,5,4,4,2,4,3,4,2,4,5,5,2,2,2,1,5,3,2,5,3,2,4,3,3,4,4,3,3,2,4,2,4,5,4,4,3,5,3,5,1,5,3,5,4,4,1,1,5,1,120,1,7,1,90,1,7,1,120,1,600
2024-05-09 00:43:19,2024-05-09 00:54:42,0,100,683,1,2024-05-09 00:54:43,R_82nOBxhFZMXPKI8,anonymous,EN,1,3,40,5,4,4,4,4,4,3,4,4,4,4,4,2,3,1,4,4,2,4,4,4,4,4,4,4,3,4,2,4,4,3,3,2,3,2,4,3,4,3,3,3,2,2,4,2,4,4,4,4,4,5,4,4,4,3,2,4,4,4,3,1,2,1,120,1,1,1,60,1,5,1,20,1,360
2024-05-09 00:53:30,2024-05-09 01:05:44,0,100,734,1,2024-05-09 01:05:44,R_3D0oNfdEEKLgD0R,anonymous,EN,1,1,25,5,4,3,3,3,4,3,3,3,4,2,3,4,4,2,3,4,3,2,3,4,4,3,3,5,4,3,2,3,4,2,3,2,5,3,3,3,3,3,4,4,3,2,5,4,4,5,4,4,5,3,3,3,3,3,2,4,2,5,2,1,2,1,40,2,,2,,1,,1,15,1,300
2024-05-09 01:00:38,2024-05-09 01:12:21,0,100,703,1,2024-05-09 01:12:22,R_6LPldnfgEvxoOyd,anonymous,EN,1,1,31,2,4,3,3,3,4,4,5,4,4,3,2,2,3,2,5,4,4,2,5,3,5,4,3,4,3,2,3,4,3,3,2,3,4,2,4,4,5,3,4,4,3,3,4,4,3,4,3,4,3,4,3,3,5,4,3,4,5,4,3,1,2,1,40,1,3,1,60,1,5,1,45,2,
2024-05-09 01:08:56,2024-05-09 01:18:07,0,100,551,1,2024-05-09 01:18:08,R_2KvtjrBLh3gAzBH,anonymous,EN,1,1,28,5,4,5,5,4,2,2,5,1,5,4,1,1,5,2,4,5,1,2,3,4,5,5,4,5,2,1,1,1,5,2,3,2,5,1,2,4,2,2,1,4,1,1,4,5,5,4,5,4,2,1,3,2,1,5,3,5,1,5,4,1,3,1,ok 90,3,,2,,1,5,2,,1,pewnie ok 11 h
2024-05-09 01:30:11,2024-05-09 01:38:54,0,100,522,1,2024-05-09 01:38:55,R_5pgX9zVbfAqJyl4,anonymous,EN,1,3,36,4,4,4,4,5,5,5,2,2,2,4,2,2,2,4,5,4,2,4,4,4,4,4,4,4,2,4,4,2,4,2,2,4,2,2,4,2,4,2,2,4,4,3,4,2,2,2,4,4,2,2,3,2,4,4,4,2,2,4,4,2,,2,,1,3,1,60,1,7,1,60,1,600
2024-05-09 00:58:29,2024-05-09 01:41:33,0,100,2583,1,2024-05-09 01:41:33,R_32Q6G0IgAWuOGBK,anonymous,EN,1,1,38,5,4,2,3,4,4,5,4,4,3,3,4,1,4,4,3,4,4,5,2,2,4,5,4,5,2,3,3,2,3,3,3,3,5,4,2,4,2,2,3,4,2,2,3,2,2,2,2,4,3,4,3,4,2,2,2,2,4,4,3,1,2,2,,1,3,2,,1,7,2,,2,
2024-05-09 01:45:59,2024-05-09 01:58:01,0,100,721,1,2024-05-09 01:58:02,R_1cYAgBweTjkPC2Q,anonymous,EN,1,1,52,3,4,2,2,3,4,2,5,3,3,2,2,2,5,3,4,5,1,1,4,1,4,2,2,4,2,2,2,2,3,4,2,3,5,1,4,2,4,1,2,3,2,2,3,2,1,5,3,4,1,2,3,3,3,4,2,3,2,3,1,2,,1,0,1,2,1,120,1,2,1,30,1,420
2024-05-09 01:51:05,2024-05-09 02:05:42,0,100,877,1,2024-05-09 02:05:43,R_8Neo05mHlNiLesV,anonymous,EN,1,1,59,1,3,5,5,5,5,5,1,1,4,5,2,1,5,5,4,5,1,1,2,5,5,5,5,5,1,5,5,1,5,5,5,5,1,1,5,4,2,5,1,5,1,1,5,1,5,1,5,5,4,5,5,5,1,5,5,4,4,5,1,1,3,1,120,1,3,1,45,1,45,1,180,2,
2024-05-09 01:53:24,2024-05-09 02:05:54,0,100,749,1,2024-05-09 02:05:55,R_21WVDaCSxtadrfU,anonymous,EN,1,1,44,4,4,3,4,4,5,2,2,2,3,3,3,4,5,3,3,4,1,1,2,3,4,4,4,4,2,3,3,3,3,1,3,2,4,3,3,2,2,3,1,2,1,1,4,2,3,4,3,4,2,1,4,3,1,2,4,3,1,5,4,1,3,1,30,1,3,1,20,3,,2,,1,540
2024-05-09 01:55:24,2024-05-09 02:06:49,0,100,685,1,2024-05-09 02:06:50,R_7DuzdAQVmMh3u0h,anonymous,EN,1,1,19,5,3,3,3,5,4,4,5,5,3,2,4,1,4,4,4,4,4,4,5,3,4,2,3,4,4,4,4,4,4,2,2,5,2,2,4,4,4,2,4,5,4,2,3,2,3,4,4,4,4,5,4,4,5,2,4,4,4,5,3,2,,2,,2,,2,,1,7,1,60,1,360
2024-05-09 01:32:52,2024-05-09 02:08:28,0,100,2136,1,2024-05-09 02:08:28,R_2ii58DhsfJQanp7,anonymous,EN,1,3,20,4,3,5,5,5,5,2,3,4,3,5,3,2,4,5,4,3,2,3,1,2,4,4,5,5,2,2,3,1,3,2,3,5,4,2,4,2,1,3,2,3,2,2,3,3,3,4,2,4,3,4,4,4,2,4,3,2,4,4,3,1,4,1,90,1,7,1,60,1,3,1,60,1,180
2024-05-09 01:55:38,2024-05-09 02:09:52,0,100,854,1,2024-05-09 02:09:53,R_725tqVvbYUIj0qi,anonymous,EN,1,3,22,5,3,5,5,5,4,2,3,4,3,4,2,2,3,4,2,4,2,4,3,3,4,2,4,4,4,4,3,1,4,3,4,3,4,3,4,2,2,2,2,4,2,2,4,2,2,4,3,4,3,1,3,3,2,3,2,2,3,4,3,1,4,1,60,1,5,1,20,1,6,1,20,1,480
2024-05-09 01:50:28,2024-05-09 02:13:16,0,100,1367,1,2024-05-09 02:13:17,R_2dWIxsZ14waN1CJ,anonymous,EN,1,1,21,5,3,5,5,5,4,2,3,4,4,3,3,1,2,2,1,5,1,4,5,5,5,5,5,5,4,2,2,2,5,3,2,3,4,5,5,4,4,3,2,4,2,2,2,1,4,4,2,4,4,2,5,5,4,3,5,4,2,5,3,1,,1,90-180,1,,1,30,1,7,1,60,1,270
2024-05-09 01:49:25,2024-05-09 02:13:45,0,100,1459,1,2024-05-09 02:13:45,R_7wl1WdhwbRrX4el,anonymous,EN,1,1,50,4,4,2,3,5,5,3,2,2,2,2,2,2,5,4,3,4,2,3,2,4,4,4,4,5,3,3,2,2,4,2,4,3,3,3,4,2,2,2,1,1,1,1,3,2,4,5,3,4,4,1,3,4,2,3,3,3,3,3,3,1,1,1,60,2,,2,,1,,1,30,1,500
2024-05-09 02:15:54,2024-05-09 02:26:37,0,100,643,1,2024-05-09 02:26:38,R_1jN8gUdy7fdbg8i,anonymous,EN,1,3,45,5,4,4,4,4,4,3,4,4,3,4,3,2,3,4,4,4,2,4,1,3,4,4,4,4,2,3,2,2,4,3,2,4,4,2,3,2,2,2,1,3,2,1,4,3,4,3,2,4,2,3,3,4,2,4,2,4,3,4,4,1,2,1,90,3,,2,,2,,2,,1,8
2024-05-09 02:20:25,2024-05-09 02:29:29,0,100,544,1,2024-05-09 02:29:30,R_5XvcQ29CaLvSait,anonymous,EN,1,3,44,1,4,5,5,4,4,3,3,3,3,4,3,2,4,3,3,4,2,2,3,4,4,3,3,4,3,4,3,3,4,3,3,3,4,3,3,2,3,3,3,2,2,2,3,3,4,4,3,2,3,3,3,4,3,4,3,2,3,4,3,1,6,1,100,1,6,1,60,3,,2,,1,360
2024-05-09 02:21:37,2024-05-09 02:30:50,0,100,552,1,2024-05-09 02:30:50,R_6H1uTP6dLN8FrWl,anonymous,EN,1,1,26,4,4,1,1,2,4,2,1,4,2,3,2,2,4,2,4,4,2,1,2,2,2,4,2,4,2,2,4,2,4,2,2,1,4,2,4,2,2,2,1,4,2,2,4,2,2,4,1,4,3,4,2,1,1,1,2,2,1,3,2,2,,2,,2,,2,,1,3,1,30,1,840
2024-05-09 02:22:58,2024-05-09 02:31:02,0,100,484,1,2024-05-09 02:31:02,R_8iUG3nd56ES6WXv,anonymous,EN,1,3,41,2,4,2,2,3,4,1,2,2,3,2,2,2,4,2,4,2,3,1,2,2,5,4,2,2,3,2,2,3,4,2,4,2,5,2,2,3,2,2,3,3,2,3,2,4,2,4,2,3,2,4,2,2,3,3,3,3,4,4,2,2,,2,,2,,2,,2,,2,,1,600
2024-05-09 02:15:08,2024-05-09 02:31:37,0,100,988,1,2024-05-09 02:31:38,R_6DQA3QMa1TmcnQJ,anonymous,EN,1,3,50,5,3,2,2,5,3,4,2,3,2,3,4,1,3,5,2,4,1,5,1,4,5,4,5,4,3,4,3,2,3,5,2,5,3,2,4,1,2,4,2,5,2,2,1,1,2,1,4,4,4,4,2,5,2,4,5,3,1,3,2,3,,2,,2,,2,,1,5,1,240,1,720
2024-05-09 02:27:53,2024-05-09 02:33:57,0,100,364,1,2024-05-09 02:33:58,R_6K45FZcdA7AWnNL,anonymous,EN,1,1,22,5,3,4,4,4,4,2,4,4,3,2,2,1,4,3,4,4,1,4,4,3,4,4,3,4,3,1,4,3,4,2,1,4,4,1,4,1,3,1,3,1,1,1,4,2,1,4,3,4,3,5,1,4,3,4,1,3,3,2,1,3,,2,,1,2,1,60,1,2,1,60,2,
2024-05-09 02:23:52,2024-05-09 02:34:33,0,100,641,1,2024-05-09 02:34:34,R_38RL9QUu9SxFzfR,anonymous,EN,1,3,50,5,4,3,3,4,3,3,2,3,2,3,4,2,3,4,4,4,2,2,2,3,4,4,4,4,2,3,3,2,3,2,3,3,3,3,4,2,2,3,2,3,3,3,4,3,3,3,2,4,4,3,3,3,2,3,2,3,3,4,3,2,,2,,1,2,1,120,1,7,1,30,1,300
2024-05-09 02:20:17,2024-05-09 02:38:25,0,100,1088,1,2024-05-09 02:38:25,R_8iFnUxuOFJsCytu,anonymous,EN,1,3,21,3,3,5,5,5,4,3,3,4,1,4,2,5,3,5,4,2,2,4,2,4,2,2,4,3,5,2,4,2,4,2,4,4,4,4,4,1,2,4,2,4,2,1,2,1,4,4,3,4,3,4,4,4,2,4,3,5,4,5,5,1,7,1,2h,1,3,1,90,1,7,1,30,1,300
2024-05-09 02:29:12,2024-05-09 02:38:48,0,100,576,1,2024-05-09 02:38:49,R_2G5ZvAzTs0T0Ik9,anonymous,EN,1,1,22,5,3,4,5,5,5,3,3,4,4,5,2,2,4,5,2,2,1,5,4,4,4,5,5,4,4,3,3,2,5,2,3,5,5,4,4,2,4,2,2,4,2,2,2,2,4,4,2,4,4,4,3,3,4,4,4,4,4,5,3,1,2,1,150,3,,2,,1,5,1,30,1,600
2024-05-09 02:35:34,2024-05-09 02:44:22,0,100,528,1,2024-05-09 02:44:23,R_2lKYPwxKwqcnG4p,anonymous,EN,1,3,53,1,4,4,4,3,3,2,3,2,3,4,3,4,4,2,3,2,2,2,2,3,4,2,3,3,2,3,2,2,4,3,3,3,2,3,4,3,2,3,3,3,2,3,4,2,4,2,2,4,4,2,2,3,3,3,3,2,3,3,3,1,2,1,60,1,2,1,60,1,7,1,70,1,180
2024-05-09 02:28:45,2024-05-09 02:44:50,0,100,964,1,2024-05-09 02:44:51,R_1P0YKHY41b1VqmW,anonymous,EN,1,3,44,4,4,5,5,4,4,1,1,2,4,4,3,4,5,4,4,4,1,1,1,4,4,2,4,4,1,2,2,1,4,1,2,3,4,4,2,1,1,1,1,2,1,1,4,4,4,4,2,5,2,1,5,4,1,5,1,1,1,2,3,1,2,1,30,1,3,1,40,1,2,1,15,1,700
2024-05-09 02:35:17,2024-05-09 02:50:41,0,100,924,1,2024-05-09 02:50:42,R_2NPPOZoke8HHQmq,anonymous,EN,1,1,54,5,4,3,4,4,4,3,2,3,4,4,2,2,4,4,3,4,2,3,3,3,3,3,4,4,2,3,2,2,4,2,4,4,3,2,3,3,4,2,2,4,2,2,4,2,3,3,3,4,3,2,4,4,2,3,4,4,3,4,2,1,2,1,60,1,3,1,30,1,,2,,1,660
2024-05-09 02:34:25,2024-05-09 02:50:43,0,100,977,1,2024-05-09 02:50:43,R_35ARhg4woj8Nlax,anonymous,EN,1,3,29,5,3,3,4,5,4,3,2,3,3,2,2,1,4,4,2,4,2,3,2,3,5,4,3,3,2,2,3,2,4,2,4,3,4,5,5,4,1,2,2,4,4,2,4,2,4,4,3,4,3,2,3,3,2,4,2,2,2,4,2,1,1,1,60,1,1,1,60,1,1,1,120,1,480
2024-05-09 02:45:25,2024-05-09 02:52:29,0,100,423,1,2024-05-09 02:52:29,R_2eqXw0l1sCFgKd5,anonymous,EN,1,1,41,1,3,5,5,5,5,4,2,4,4,4,2,4,5,4,5,4,2,4,2,4,5,5,4,4,4,3,2,2,3,2,2,4,4,2,4,2,2,2,2,3,4,2,4,2,3,4,4,4,2,2,3,4,2,4,2,3,2,4,4,1,4,1,60,1,2,1,60,1,7,1,60,1,300
2024-05-09 02:52:56,2024-05-09 03:19:20,0,100,1583,1,2024-05-09 03:19:20,R_8R9jv0E5rFlEXGV,anonymous,EN,1,3,25,5,4,5,5,4,3,3,3,2,4,3,3,2,4,3,5,4,1,1,1,3,5,5,3,3,1,1,1,1,3,3,3,4,5,3,2,3,4,4,2,1,1,1,3,5,3,5,1,3,3,2,3,2,1,3,1,3,3,4,5,1,4,1,90,1,4,1,60,1,7,1,120,1,600
2024-05-09 03:13:13,2024-05-09 03:25:35,0,100,742,1,2024-05-09 03:25:36,R_20wc3hq8mvu8Itw,anonymous,EN,1,1,47,4,4,4,4,4,5,3,4,3,4,4,3,5,5,4,5,5,3,1,4,3,4,3,4,5,2,3,3,2,3,3,2,3,4,2,4,4,3,3,2,4,3,3,4,3,2,5,4,4,3,3,3,3,3,4,2,3,3,4,3,1,3,1,4h,1,4,1,1h,1,7,1,30,1,5
2024-05-09 02:42:33,2024-05-09 03:36:49,0,100,3256,1,2024-05-09 03:36:50,R_248BIG6eVUKDQwP,anonymous,EN,1,1,21,5,3,3,3,4,2,2,4,4,4,3,4,1,4,1,5,4,1,4,4,3,4,4,3,4,4,3,2,4,4,4,4,2,4,3,4,2,5,2,1,2,1,1,4,4,3,4,3,4,4,1,3,2,5,4,3,3,3,5,2,3,,2,,1,2,1,15,1,5,1,60,1,1920
2024-05-09 03:32:59,2024-05-09 03:41:24,0,100,505,1,2024-05-09 03:41:25,R_4TNKTMyCqEYNn5n,anonymous,EN,1,3,31,5,4,4,4,4,3,2,4,3,4,4,2,2,4,3,5,3,2,3,4,3,4,4,3,4,3,2,3,3,4,3,3,4,3,4,4,2,3,2,3,4,2,2,4,3,4,4,2,3,2,4,3,3,4,3,2,4,3,4,4,1,2,2,,1,2,2,,1,7,2,,1,300
2024-05-09 03:32:34,2024-05-09 03:45:52,0,100,798,1,2024-05-09 03:45:53,R_7r09P7j1BHLfcyt,anonymous,EN,1,3,30,5,4,3,4,5,3,3,3,4,4,3,2,2,4,3,2,4,3,2,4,3,4,4,3,3,3,2,2,4,3,4,4,3,4,4,3,3,4,4,4,4,2,2,3,2,3,4,2,2,4,4,3,4,4,4,2,4,3,4,3,1,3,1,90,1,2,1,120,1,3,1,30,1,600
2024-05-09 03:41:43,2024-05-09 03:51:40,0,100,596,1,2024-05-09 03:51:41,R_4oBEU27vd5WyrYf,anonymous,EN,1,1,36,5,4,4,4,5,5,3,3,4,4,3,3,3,2,4,4,2,3,4,2,3,4,4,4,3,3,2,3,2,4,2,4,4,3,3,4,3,2,3,2,4,3,3,2,2,4,5,2,1,4,4,3,4,2,2,3,3,2,4,4,1,3,1,240,1,3,1,100,1,7,1,60,1,600
2024-05-09 03:45:09,2024-05-09 04:02:25,0,100,1035,1,2024-05-09 04:02:26,R_1mGQpcclkJ4N9nP,anonymous,EN,1,1,42,5,4,5,5,4,5,3,1,2,1,3,4,3,2,3,1,3,3,2,3,3,3,2,3,4,5,5,5,1,1,3,4,4,1,4,4,2,3,1,1,5,2,5,4,3,4,3,3,5,2,3,1,5,3,3,3,1,1,4,3,1,3,1,1h,1,1h,1,2h,1,7,1,30 min.,1,540
2024-05-09 04:18:42,2024-05-09 04:27:07,0,100,504,1,2024-05-09 04:27:07,R_2iUnKW91yIu590B,anonymous,EN,1,1,30,5,4,2,3,5,4,3,4,3,3,4,4,1,3,4,4,3,4,3,4,3,5,3,4,4,3,4,4,1,3,4,2,4,3,3,3,4,4,2,3,3,4,3,2,4,2,1,4,4,4,2,3,4,4,4,2,4,4,4,4,2,,2,,1,"Codziennie ",1,45min,1,,1,30,1,480
2024-05-09 04:14:24,2024-05-09 04:30:13,0,100,948,1,2024-05-09 04:30:13,R_18TqcFRXhzhE49j,anonymous,EN,1,3,46,2,4,5,5,4,5,1,2,2,4,4,2,3,5,5,1,4,1,3,1,4,5,1,5,4,5,2,2,1,4,2,4,3,5,1,2,1,1,1,2,1,1,1,3,2,2,4,1,4,1,1,3,4,1,4,2,2,1,5,2,1,4,1,180,1,3,1,120,1,5,1,30,1,360
2024-05-09 04:36:44,2024-05-09 04:49:47,0,100,782,1,2024-05-09 04:49:47,R_3RYgRfvigH3IqvD,anonymous,EN,1,1,24,4,3,4,5,4,5,2,2,2,2,5,3,1,5,5,3,5,1,3,1,4,4,5,5,5,3,3,4,1,5,1,3,3,3,2,4,1,1,1,1,2,1,1,3,3,2,3,3,5,3,1,4,4,1,4,2,3,1,4,2,1,3,1,40,1,4,1,60,1,7,1,120,1,300-360
2024-05-09 04:53:22,2024-05-09 05:06:13,0,100,770,1,2024-05-09 05:06:13,R_8ffxca2v0rBc5fm,anonymous,EN,1,1,16,1,3,4,4,5,5,3,5,2,1,2,4,2,5,4,5,4,1,4,4,3,4,4,5,3,4,5,5,2,4,2,2,4,1,3,1,4,4,4,4,4,2,1,3,3,4,2,1,4,5,5,5,4,4,4,1,1,4,4,1,1,2,1,1.5 h,1,4,1,30 min,1,5,1,15,1,5h
2024-05-09 04:22:58,2024-05-09 05:17:16,0,100,3258,1,2024-05-09 05:17:17,R_80NvBVkSpLaTCnE,anonymous,EN,1,3,40,5,4,5,5,5,4,1,1,2,4,3,2,1,5,5,3,4,1,2,2,4,5,2,5,5,2,2,1,2,4,1,2,3,5,4,3,4,2,1,1,2,1,1,4,2,4,5,2,5,3,3,3,4,2,5,3,2,2,4,2,1,5,1,120,1,5,1,60,1,7,1,30,1,420
2024-05-09 05:02:52,2024-05-09 05:19:39,0,100,1007,1,2024-05-09 05:19:40,R_21YFycUABcGJ5qF,anonymous,EN,1,1,29,3,4,2,3,4,4,2,1,3,3,3,3,3,4,4,5,3,3,3,3,3,4,3,3,4,4,3,3,3,4,2,3,3,4,3,4,3,3,4,2,4,2,5,4,3,3,3,3,3,3,1,3,3,3,4,3,3,4,4,4,3,,2,,1,1,1,90,1,2,1,120,1,600
2024-05-09 05:24:09,2024-05-09 05:31:10,0,100,420,1,2024-05-09 05:31:11,R_4DuLtfyCSWQpvlT,anonymous,EN,1,1,26,5,4,5,5,5,5,3,4,2,5,4,2,1,4,5,4,4,1,2,1,4,5,5,1,4,1,3,1,1,5,3,4,5,1,1,4,2,2,1,1,3,1,3,4,2,4,5,4,5,4,5,3,5,2,4,3,4,4,5,4,1,7,1,360,1,5,1,120,1,7,1,60,2,
2024-05-09 05:46:32,2024-05-09 06:00:23,0,100,830,1,2024-05-09 06:00:24,R_2Q0oNGVXovMsMAg,anonymous,EN,1,3,26,5,4,4,4,5,3,1,4,3,2,3,4,2,3,2,1,3,1,2,4,3,3,1,3,3,4,4,3,4,4,4,2,5,3,3,4,5,3,1,1,5,5,1,2,3,4,1,2,2,3,1,3,4,4,2,2,3,4,3,2,1,3,1,120,2,,2,,1,5,1,60,1,300
2024-05-09 06:44:22,2024-05-09 06:53:27,0,100,545,1,2024-05-09 06:53:28,R_1VJY0cxWlB2bawN,anonymous,EN,1,3,21,5,3,2,3,5,3,2,2,4,2,4,3,3,2,4,3,1,2,3,2,2,4,3,4,4,3,3,3,2,3,2,4,2,2,2,3,3,3,3,2,4,2,2,2,3,3,2,3,2,4,4,3,2,2,4,3,2,2,3,4,3,,2,,1,,2,,1,6,1,40,1,180
2024-05-09 07:10:25,2024-05-09 07:19:24,0,100,538,1,2024-05-09 07:19:25,R_2lAlWIXPMIuBHJU,anonymous,EN,1,1,41,1,4,5,5,4,4,3,2,3,4,2,2,1,4,4,2,5,1,2,3,2,4,2,3,4,2,2,2,2,2,2,2,2,4,2,3,2,3,2,2,2,2,2,4,3,2,5,2,4,2,2,2,4,2,4,2,4,2,3,2,1,4,1,60,1,3,1,30,1,3,1,15,1,600
2024-05-09 07:39:13,2024-05-09 08:05:56,0,100,1602,1,2024-05-09 08:05:56,R_7KeM12jYOn3c4RH,anonymous,EN,1,3,39,4,4,4,5,3,4,1,4,3,2,4,3,2,3,4,5,4,1,3,4,3,4,4,4,5,3,2,4,2,2,2,2,4,3,1,4,3,4,2,4,2,2,2,4,2,2,4,3,4,2,3,2,4,4,4,3,4,4,4,2,1,1,1,60,1,1,1,30,1,7,1,60,1,720
2024-05-02 11:23:09,2024-05-02 11:25:15,0,95,125,0,2024-05-09 11:27:36,R_232XRGvHXziePdo,anonymous,EN,1,4,u,5,5,,,5,1,1,1,1,1,1,1,1,1,1,1,4,3,2,2,5,4,2,2,2,5,4,4,4,3,2,4,4,4,5,4,3,3,5,4,3,3,3,4,4,4,4,4,4,3,3,2,5,2,3,3,5,3,3,3,3,,2,,3,,1,,3,,2,,2,
2024-05-02 12:30:58,2024-05-02 12:31:05,0,10,6,0,2024-05-09 12:31:06,R_1oK2gbmZCuos9ix,anonymous,EN,1,,,,,,,,,,,,,,,,,,,,,,,,,,,,,,,,,,,,,,,,,,,,,,,,,,,,,,,,,,,,,,,,,,,,,,,,,,,,
2024-05-02 12:35:10,2024-05-02 12:35:28,0,10,17,0,2024-05-09 12:35:32,R_7Jh3aiVHmQVBQKx,anonymous,EN,2,,,,,,,,,,,,,,,,,,,,,,,,,,,,,,,,,,,,,,,,,,,,,,,,,,,,,,,,,,,,,,,,,,,,,,,,,,,,
2024-05-02 12:48:09,2024-05-02 12:49:37,0,33,87,0,2024-05-09 12:49:38,R_6lCDqJY9pXkDf3z,anonymous,EN,1,1,22,5,3,4,4,,,,,,,,,,,,,,,,,,,,,,,,,,,,,,,,,,,,,,,,,,,,,,,,,,,,,,,,,,,,,,,,,,,,,,
2024-05-02 13:04:39,2024-05-02 13:05:00,0,33,20,0,2024-05-09 13:05:03,R_2N4BtKL0e872JNf,anonymous,EN,1,1,22,5,3,3,4,,,,,,,,,,,,,,,,,,,,,,,,,,,,,,,,,,,,,,,,,,,,,,,,,,,,,,,,,,,,,,,,,,,,,,
2024-05-02 13:04:38,2024-05-02 13:05:20,0,33,42,0,2024-05-09 13:05:23,R_2QLYPnLtRoAtTa9,anonymous,EN,1,3,22,5,3,5,5,,,,,,,,,,,,,,,,,,,,,,,,,,,,,,,,,,,,,,,,,,,,,,,,,,,,,,,,,,,,,,,,,,,,,,
2024-05-02 13:05:52,2024-05-02 13:06:52,0,33,59,0,2024-05-09 13:06:54,R_2BYswO2ujq6V6Wk,anonymous,EN,1,3,23,1,4,5,5,,,,,,,,,,,,,,,,,,,,,,,,,,,,,,,,,,,,,,,,,,,,,,,,,,,,,,,,,,,,,,,,,,,,,,
2024-05-02 13:17:18,2024-05-02 13:22:31,0,33,313,0,2024-05-09 13:22:32,R_5R97iCxEJxp8HgX,anonymous,EN,1,1,43,5,4,4,4,,,,,,,,,,,,,,,,,,,,,,,,,,,,,,,,,,,,,,,,,,,,,,,,,,,,,,,,,,,,,,,,,,,,,,
2024-05-09 13:28:49,2024-05-09 13:37:38,0,100,529,1,2024-05-09 13:37:39,R_8zwMlk6OnltbtV2,anonymous,EN,1,3,30,5,4,2,2,4,3,1,4,3,2,3,3,4,3,4,3,3,3,2,3,2,3,3,4,3,3,3,3,2,3,4,4,2,3,2,3,4,4,2,1,3,3,4,2,2,2,2,2,2,2,1,2,4,3,3,4,4,4,3,5,2,,2,,2,,2,,1,1,2,,2,
2024-05-02 14:39:47,2024-05-02 14:40:48,0,33,60,0,2024-05-09 14:42:03,R_2NNB1BDhPFiMCBP,anonymous,EN,1,1,21,2,3,4,4,,,,,,,,,,,,,,,,,,,,,,,,,,,,,,,,,,,,,,,,,,,,,,,,,,,,,,,,,,,,,,,,,,,,,,
2024-05-09 15:11:28,2024-05-09 15:18:14,0,100,405,1,2024-05-09 15:18:14,R_6PhwaEswPKtslAy,anonymous,EN,1,1,21,5,3,4,4,4,4,2,3,4,3,2,2,2,4,5,3,3,1,3,4,3,4,2,4,4,4,2,3,3,4,3,4,4,4,4,5,2,3,2,2,3,2,2,3,2,4,5,2,4,2,4,3,2,3,3,2,2,2,5,3,1,5,1,60,1,3,1,60,1,7,2,,1,120
2024-05-02 15:50:31,2024-05-02 16:00:00,0,57,568,0,2024-05-09 16:00:02,R_7zQv1MtNrZve1CF,anonymous,EN,1,1,21,4,4,4,5,2,4,2,4,2,2,4,4,1,4,2,5,3,2,1,4,4,5,4,4,5,4,4,2,2,4,2,2,4,4,2,4,3,5,2,2,4,2,5,2,5,4,2,4,2,4,1,2,4,4,4,3,2,2,4,2,1,10,2,,,,,,,,,,,
2024-05-09 23:45:42,2024-05-09 23:54:11,0,100,508,1,2024-05-09 23:54:12,R_6nUlabe2oQJ1wq2,anonymous,EN,1,1,45,3,4,4,4,4,5,3,4,4,3,4,3,3,4,4,3,3,3,4,2,3,3,4,4,4,2,3,3,2,2,2,3,5,3,3,3,3,2,3,2,3,3,3,4,2,2,3,3,3,3,3,3,4,2,3,3,3,2,3,3,2,,2,,1,7,1,40,1,5,1,30,1,450
2024-05-09 13:18:43,2024-05-10 00:38:35,0,100,40791,1,2024-05-10 00:38:36,R_4JRww7jDfgEZvnE,anonymous,EN,1,3,31,5,4,3,4,4,4,4,2,3,2,2,2,4,4,4,2,3,2,4,2,4,4,2,4,3,2,2,3,2,3,2,3,4,4,3,4,3,2,2,2,3,3,2,3,4,2,4,4,4,3,4,4,4,2,4,2,4,3,4,3,1,2,1,60,1,2,1,120,1,6,1,30,1,600
2024-05-10 03:07:06,2024-05-10 03:13:49,0,100,402,1,2024-05-10 03:13:50,R_4L81yEZ65eTi6cx,anonymous,EN,1,1,26,5,4,4,4,5,5,3,4,4,2,4,4,4,4,5,2,3,2,4,2,2,5,2,5,5,4,4,4,2,5,3,2,5,4,3,5,1,2,2,1,3,3,1,4,2,4,4,4,5,5,1,2,5,2,4,4,4,1,5,4,2,,2,,1,3,2,,1,3,2,,1,oko≈Ço 6 godzin w pracy
2024-05-10 03:20:40,2024-05-10 03:30:19,0,100,579,1,2024-05-10 03:30:23,R_1CdJrgLX3BJrgYx,anonymous,EN,1,3,20,1,3,4,4,3,4,1,1,2,2,3,3,3,4,5,2,4,2,2,1,4,4,3,4,4,3,4,4,1,5,2,2,5,4,3,4,2,1,2,2,2,2,1,4,3,4,3,1,4,3,2,3,2,1,4,3,2,3,4,2,1,2,1,40,1,5,2,,1,7,1,2h,1,300
2024-05-03 04:12:50,2024-05-03 04:13:40,0,33,50,0,2024-05-10 04:13:46,R_2qxCEBosgLhqi3v,anonymous,EN,1,1,34,3,3,5,4,,,,,,,,,,,,,,,,,,,,,,,,,,,,,,,,,,,,,,,,,,,,,,,,,,,,,,,,,,,,,,,,,,,,,,
2024-05-10 05:50:39,2024-05-10 06:06:14,0,100,935,1,2024-05-10 06:06:15,R_2zek0PFFFmlUN8Z,anonymous,EN,1,3,46,3,4,1,1,4,3,3,4,4,5,4,3,2,4,4,2,2,1,3,3,3,4,2,3,4,3,3,2,2,3,2,2,3,4,3,3,2,3,2,2,2,2,2,4,3,3,4,4,4,3,3,3,3,2,3,3,3,2,4,3,1,3,1,90,1,1,1,120,1,7,1,120,1,420
2024-05-10 05:58:27,2024-05-10 06:17:55,0,100,1167,1,2024-05-10 06:17:56,R_13sxwbWxSRFNT7V,anonymous,EN,1,1,25,5,4,2,3,5,5,3,2,3,1,2,2,3,2,4,4,4,2,2,4,2,1,4,4,4,2,3,4,2,4,3,4,4,2,4,3,2,2,2,1,4,2,2,4,3,3,2,2,4,3,3,3,4,2,2,5,5,3,4,4,2,,2,,1,2,1,60,1,5,1,60,1,80
2024-05-10 06:07:50,2024-05-10 06:24:43,0,100,1013,1,2024-05-10 06:24:44,R_8CI4wPbNsEqcQYv,anonymous,EN,1,1,18,1,3,2,2,3,5,4,4,4,3,3,2,1,4,1,2,2,3,4,4,2,4,1,1,2,4,2,3,3,4,4,4,2,4,2,3,4,5,3,4,5,4,2,2,2,2,5,2,1,1,3,2,4,4,2,2,4,4,3,2,2,,2,,1,,1,120,1,4,1,60,1,360
2024-05-10 06:35:21,2024-05-10 06:46:28,0,100,667,1,2024-05-10 06:46:29,R_4CfF2EqSGtFn3NG,anonymous,EN,1,1,24,3,5,3,3,5,5,2,2,2,3,3,4,2,3,5,3,3,2,3,3,5,4,4,3,5,3,2,4,4,3,4,4,3,3,2,4,1,2,3,1,3,1,1,4,3,3,3,3,2,3,3,3,3,3,3,3,3,3,3,1,3,,2,,3,,2,,3,,2,,2,
2024-05-10 06:38:21,2024-05-10 06:49:54,0,100,692,1,2024-05-10 06:49:54,R_3AMtrWdMSTEfaFT,anonymous,EN,1,3,24,1,2,3,3,4,4,3,2,2,3,4,2,3,4,3,4,4,2,4,2,3,3,3,4,4,3,2,3,2,4,2,4,4,4,2,3,2,3,2,2,2,2,2,3,2,2,4,3,3,3,2,3,4,2,2,2,3,2,3,3,1,4,1,270,3,,2,,1,7,1,60,1,60
2024-05-10 14:01:01,2024-05-10 14:15:37,0,100,875,1,2024-05-10 14:15:38,R_42gb3wHnuFlYqQO,anonymous,EN,1,3,27,5,3,4,5,1,3,1,2,3,2,1,3,2,1,1,3,3,5,2,4,2,3,2,1,3,3,2,4,4,3,2,3,1,4,2,3,3,4,3,1,4,5,5,3,5,1,1,2,3,2,3,3,3,2,2,1,3,3,2,3,1,4,1,240,1,5,1,600,1,7,2,,1,7000
2024-05-10 14:46:03,2024-05-10 14:56:08,0,100,604,1,2024-05-10 14:56:09,R_8yRbVydETxSF6E1,anonymous,EN,1,3,18,1,1,3,3,5,4,2,4,2,1,2,5,3,1,1,3,4,1,4,5,2,5,2,1,4,1,3,3,4,5,5,5,1,1,2,4,4,5,4,5,5,3,1,1,1,1,4,1,3,5,4,4,5,5,2,4,2,4,5,3,1,5,1,240,1,7,1,480,1,7,1,240,1,120
2024-05-10 18:55:52,2024-05-10 19:08:43,0,100,771,1,2024-05-10 19:08:44,R_2VflAVTHogUvWkJ,anonymous,EN,1,1,19,1,3,2,2,3,2,3,5,3,2,1,2,1,4,1,3,4,2,3,5,2,4,2,2,3,1,2,2,5,2,5,2,1,4,2,3,3,5,2,4,3,3,2,3,3,2,4,4,3,2,1,1,3,5,3,3,2,4,3,3,3,,2,,3,,2,,1,7,1,2/3,2,
2024-05-11 12:32:54,2024-05-11 12:39:51,0,100,417,1,2024-05-11 12:39:52,R_2EsjS460XvLuNzG,anonymous,EN,1,3,26,3,4,4,4,4,5,3,5,4,4,2,4,2,4,1,4,5,1,2,5,3,5,4,3,5,1,4,2,5,4,4,2,3,3,3,2,5,4,4,5,2,3,1,4,3,2,4,3,4,4,3,2,4,4,5,2,5,5,5,1,1,4,1,40,3,,2,,1,6,1,50,1,480
2024-05-14 02:11:43,2024-05-14 02:20:09,0,100,505,1,2024-05-14 02:20:10,R_1oo5iaJovqlV1FJ,anonymous,EN,1,1,26,5,4,4,5,3,4,4,3,3,4,3,2,1,4,4,4,4,3,2,3,4,5,4,4,4,3,2,2,2,4,4,4,3,4,3,4,3,3,3,2,5,4,2,4,2,2,4,3,4,2,2,1,4,3,4,2,3,3,3,3,1,1,1,90,3,,2,,1,7,1,90,2,
2024-05-15 03:55:15,2024-05-15 04:02:14,0,100,419,1,2024-05-15 04:02:15,R_6CgsNIBIpUdG0mj,anonymous,EN,1,1,37,5,4,4,4,5,5,4,1,2,5,1,4,2,4,4,3,4,1,1,3,4,3,4,4,5,4,3,2,2,5,2,5,2,2,4,5,2,2,2,1,1,1,1,4,2,2,4,3,5,4,1,3,4,2,3,3,4,1,4,2,2,,2,,3,,2,,1,7,1,60,1,420
2024-05-08 04:56:17,2024-05-08 04:56:54,0,10,36,0,2024-05-15 04:56:55,R_5kocJys76eIxm0N,anonymous,EN,1,,,,,,,,,,,,,,,,,,,,,,,,,,,,,,,,,,,,,,,,,,,,,,,,,,,,,,,,,,,,,,,,,,,,,,,,,,,,
2024-05-08 04:57:06,2024-05-08 04:57:10,0,10,3,0,2024-05-15 04:57:13,R_5DIXaIP7AuULT7H,anonymous,EN,1,,,,,,,,,,,,,,,,,,,,,,,,,,,,,,,,,,,,,,,,,,,,,,,,,,,,,,,,,,,,,,,,,,,,,,,,,,,,
2024-05-08 06:30:28,2024-05-08 06:30:38,0,10,9,0,2024-05-15 06:30:41,R_4O1Sd3CeSR7cNkU,anonymous,EN,1,,,,,,,,,,,,,,,,,,,,,,,,,,,,,,,,,,,,,,,,,,,,,,,,,,,,,,,,,,,,,,,,,,,,,,,,,,,,
2024-05-08 07:26:41,2024-05-08 07:27:57,0,33,76,0,2024-05-15 07:28:05,R_70OsKWfYcRXiVNe,anonymous,EN,1,1,31,5,4,3,3,,,,,,,,,,,,,,,,,,,,,,,,,,,,,,,,,,,,,,,,,,,,,,,,,,,,,,,,,,,,,,,,,,,,,,
2024-05-08 07:33:19,2024-05-08 07:34:06,0,33,46,0,2024-05-15 07:34:13,R_5r96IodGttHpVcJ,anonymous,EN,1,1,22,5,3,3,3,,,,,,,,,,,,,,,,,,,,,,,,,,,,,,,,,,,,,,,,,,,,,,,,,,,,,,,,,,,,,,,,,,,,,,
2024-05-08 07:43:35,2024-05-08 07:43:50,0,10,15,0,2024-05-15 07:43:54,R_5F5Lw4wXZb2WInA,anonymous,EN,1,,,,,,,,,,,,,,,,,,,,,,,,,,,,,,,,,,,,,,,,,,,,,,,,,,,,,,,,,,,,,,,,,,,,,,,,,,,,
2024-05-08 07:43:39,2024-05-08 07:44:44,0,33,65,0,2024-05-15 07:44:46,R_17PTRbA0TcoP44N,anonymous,EN,1,1,27,4,4,3,3,,,,,,,,,,,,,,,,,,,,,,,,,,,,,,,,,,,,,,,,,,,,,,,,,,,,,,,,,,,,,,,,,,,,,,
2024-05-08 07:43:53,2024-05-08 07:52:13,0,43,499,0,2024-05-15 07:52:40,R_2bHq1PsZkkpzujF,anonymous,EN,1,1,25,5,4,2,2,4,3,1,4,2,4,2,3,1,2,1,5,3,1,1,5,3,4,2,3,2,4,2,4,5,4,4,4,1,2,3,4,2,4,4,4,5,1,1,4,5,3,3,3,2,4,2,2,4,5,4,5,5,2,5,5,,,,,,,,,,,,,,
2024-05-08 07:48:36,2024-05-08 07:59:05,0,71,629,0,2024-05-15 07:59:08,R_1s6spyGteWi4u3b,anonymous,EN,1,1,28,5,4,5,5,5,1,1,4,2,1,1,5,1,5,1,1,5,1,1,5,5,5,2,1,5,3,5,1,5,3,4,1,1,5,1,1,2,5,4,5,4,4,5,2,4,2,5,1,5,5,1,1,5,5,5,1,4,2,5,3,1,2,1,30,1,2,1,10,,,,,,
2024-05-08 08:11:39,2024-05-08 08:12:27,0,33,47,0,2024-05-15 08:12:28,R_6tyHQ1RVNedzQ41,anonymous,EN,1,1,21,5,3,4,4,,,,,,,,,,,,,,,,,,,,,,,,,,,,,,,,,,,,,,,,,,,,,,,,,,,,,,,,,,,,,,,,,,,,,,
2024-05-08 08:32:11,2024-05-08 08:33:41,0,33,90,0,2024-05-15 08:33:42,R_5fj4vkJJjvBT9FB,anonymous,EN,1,3,22,5,3,5,5,,,,,,,,,,,,,,,,,,,,,,,,,,,,,,,,,,,,,,,,,,,,,,,,,,,,,,,,,,,,,,,,,,,,,,
2024-05-08 08:33:40,2024-05-08 08:34:15,0,33,35,0,2024-05-15 08:34:16,R_2CV9klQ6JpQwwu3,anonymous,EN,1,3,26,4,4,4,5,,,,,,,,,,,,,,,,,,,,,,,,,,,,,,,,,,,,,,,,,,,,,,,,,,,,,,,,,,,,,,,,,,,,,,
2024-05-08 08:38:18,2024-05-08 08:38:58,0,33,39,0,2024-05-15 08:39:03,R_8RsxgEG4oN9xMbY,anonymous,EN,1,1,31,5,4,3,2,,,,,,,,,,,,,,,,,,,,,,,,,,,,,,,,,,,,,,,,,,,,,,,,,,,,,,,,,,,,,,,,,,,,,,
2024-05-08 08:33:19,2024-05-08 09:06:19,0,95,1979,0,2024-05-15 09:06:21,R_4IuvI2TCnJ7GjIk,anonymous,EN,1,3,47,5,4,2,4,4,4,3,2,3,1,2,2,2,3,4,4,2,2,3,2,2,4,3,3,4,4,4,4,2,4,4,3,2,2,4,4,4,2,2,2,4,4,2,2,3,3,2,3,4,2,2,3,4,2,3,3,3,2,3,3,2,,2,,3,,2,,1,"Codziennie ",2,,2,
2024-05-08 09:39:05,2024-05-08 09:39:12,0,10,7,0,2024-05-15 09:39:20,R_2DOQ7N1XMBOBb21,anonymous,EN,2,,,,,,,,,,,,,,,,,,,,,,,,,,,,,,,,,,,,,,,,,,,,,,,,,,,,,,,,,,,,,,,,,,,,,,,,,,,,
2024-05-08 09:38:46,2024-05-08 09:39:17,0,10,31,0,2024-05-15 09:39:23,R_2MP6R1dp8oCn4KB,anonymous,EN,1,,,,,,,,,,,,,,,,,,,,,,,,,,,,,,,,,,,,,,,,,,,,,,,,,,,,,,,,,,,,,,,,,,,,,,,,,,,,
2024-05-08 09:39:08,2024-05-08 09:39:38,0,10,30,0,2024-05-15 09:39:42,R_2QF2p7ZuaJ57JEt,anonymous,EN,1,,,,,,,,,,,,,,,,,,,,,,,,,,,,,,,,,,,,,,,,,,,,,,,,,,,,,,,,,,,,,,,,,,,,,,,,,,,,
2024-05-08 09:39:01,2024-05-08 09:39:57,0,33,56,0,2024-05-15 09:39:58,R_2ZCvYN4YPde4FOY,anonymous,EN,1,3,20,5,3,3,3,,,,,,,,,,,,,,,,,,,,,,,,,,,,,,,,,,,,,,,,,,,,,,,,,,,,,,,,,,,,,,,,,,,,,,
2024-05-08 09:43:16,2024-05-08 09:45:01,0,33,104,0,2024-05-15 09:45:06,R_2F4jMgp3bdZYQLi,anonymous,EN,1,3,19,5,3,4,4,,,,,,,,,,,,,,,,,,,,,,,,,,,,,,,,,,,,,,,,,,,,,,,,,,,,,,,,,,,,,,,,,,,,,,
2024-05-08 09:39:54,2024-05-08 09:49:33,0,57,578,0,2024-05-15 09:49:34,R_35tJoHc6H8y62Rc,anonymous,EN,1,1,20,5,3,4,4,5,3,1,4,4,3,3,3,1,3,4,2,4,1,4,2,3,4,2,4,4,4,3,3,2,4,4,2,4,4,2,4,2,2,3,2,4,2,1,3,1,2,3,4,4,4,2,4,4,4,3,1,3,4,3,3,1,2,1,30,,,,,,,,,,
2024-05-08 10:51:10,2024-05-08 10:51:26,0,10,15,0,2024-05-15 10:51:27,R_8G1cFqMfpnRebsg,anonymous,EN,1,,,,,,,,,,,,,,,,,,,,,,,,,,,,,,,,,,,,,,,,,,,,,,,,,,,,,,,,,,,,,,,,,,,,,,,,,,,,
2024-05-08 10:48:06,2024-05-08 11:05:24,0,33,1038,0,2024-05-15 11:05:27,R_4uKeCsj3waUctjj,anonymous,EN,1,1,35,5,4,3,2,,,,,,,,,,,,,,,,,,,,,,,,,,,,,,,,,,,,,,,,,,,,,,,,,,,,,,,,,,,,,,,,,,,,,,
2024-05-08 11:05:25,2024-05-08 11:06:42,0,33,77,0,2024-05-15 11:13:10,R_2SHuXywY83po9vx,anonymous,EN,1,3,21,1,3,3,2,,,,,,,,,,,,,,,,,,,,,,,,,,,,,,,,,,,,,,,,,,,,,,,,,,,,,,,,,,,,,,,,,,,,,,
2024-05-08 13:46:19,2024-05-08 13:46:52,0,10,33,0,2024-05-15 13:48:36,R_2IAcKeBfhORpTwf,anonymous,EN,1,,,,,,,,,,,,,,,,,,,,,,,,,,,,,,,,,,,,,,,,,,,,,,,,,,,,,,,,,,,,,,,,,,,,,,,,,,,,
2024-05-08 14:19:17,2024-05-08 14:20:48,0,10,91,0,2024-05-15 14:20:50,R_7NEPmCaQ04IcUgj,anonymous,EN,1,,,,,,,,,,,,,,,,,,,,,,,,,,,,,,,,,,,,,,,,,,,,,,,,,,,,,,,,,,,,,,,,,,,,,,,,,,,,
2024-05-08 14:21:32,2024-05-08 14:22:59,0,33,87,0,2024-05-15 14:23:03,R_2FyAr0e3cqsGEn3,anonymous,EN,1,1,52,5,3,2,2,,,,,,,,,,,,,,,,,,,,,,,,,,,,,,,,,,,,,,,,,,,,,,,,,,,,,,,,,,,,,,,,,,,,,,
2024-05-08 14:30:16,2024-05-08 14:31:24,0,33,68,0,2024-05-15 14:31:25,R_67PrO1BMnL0cTdV,anonymous,EN,1,1,52,5,3,2,2,,,,,,,,,,,,,,,,,,,,,,,,,,,,,,,,,,,,,,,,,,,,,,,,,,,,,,,,,,,,,,,,,,,,,,
2024-05-08 14:55:09,2024-05-08 15:02:04,0,71,414,0,2024-05-15 15:02:08,R_8OVK177CasahSg4,anonymous,EN,1,1,20,5,3,2,1,5,4,1,2,4,4,4,3,1,5,4,2,4,2,1,4,4,5,3,4,5,4,3,2,2,5,2,3,4,4,4,3,1,4,2,2,4,1,1,5,4,4,5,3,5,4,1,4,4,4,5,2,3,2,3,2,1,1,1,60,1,2,1,30,,,,,,
2024-05-08 16:09:41,2024-05-08 16:09:50,0,10,8,0,2024-05-15 16:09:53,R_1DNoIaKf1rSNNy8,anonymous,EN,1,,,,,,,,,,,,,,,,,,,,,,,,,,,,,,,,,,,,,,,,,,,,,,,,,,,,,,,,,,,,,,,,,,,,,,,,,,,,
2024-05-08 23:31:36,2024-05-08 23:44:06,0,71,749,0,2024-05-15 23:44:07,R_2OeFJw1oXmgXInn,anonymous,EN,1,1,45,3,4,3,3,4,5,5,5,3,3,2,3,1,2,3,3,1,3,4,4,5,4,4,4,1,4,4,3,3,3,4,4,4,2,2,3,2,4,4,3,2,2,2,2,2,2,3,4,3,4,2,3,4,3,3,4,2,2,4,4,2,,2,,1,,1,,,,,,,
2024-05-08 23:44:06,2024-05-08 23:46:44,0,33,157,0,2024-05-15 23:46:45,R_5jP0FdWcMFfTMc4,anonymous,EN,1,1,45,3,4,3,3,,,,,,,,,,,,,,,,,,,,,,,,,,,,,,,,,,,,,,,,,,,,,,,,,,,,,,,,,,,,,,,,,,,,,,
2024-05-09 00:50:58,2024-05-09 00:52:12,0,33,74,0,2024-05-16 00:52:13,R_3oZ6MbjFGYgew6Y,anonymous,EN,1,3,19,5,3,5,5,,,,,,,,,,,,,,,,,,,,,,,,,,,,,,,,,,,,,,,,,,,,,,,,,,,,,,,,,,,,,,,,,,,,,,
2024-05-09 00:51:13,2024-05-09 00:53:05,0,33,111,0,2024-05-16 00:53:12,R_7OVfrocukhFaKQh,anonymous,EN,1,1,43,2,4,2,3,,,,,,,,,,,,,,,,,,,,,,,,,,,,,,,,,,,,,,,,,,,,,,,,,,,,,,,,,,,,,,,,,,,,,,
2024-05-09 02:35:18,2024-05-09 02:35:22,0,10,3,0,2024-05-16 02:35:33,R_2oipwgmtSSFQ413,anonymous,EN,1,,,,,,,,,,,,,,,,,,,,,,,,,,,,,,,,,,,,,,,,,,,,,,,,,,,,,,,,,,,,,,,,,,,,,,,,,,,,
2024-05-09 02:36:41,2024-05-09 02:38:58,0,33,136,0,2024-05-16 02:38:59,R_4QLkK51LbIsuz9T,anonymous,EN,1,1,26,5,3,4,3,,,,,,,,,,,,,,,,,,,,,,,,,,,,,,,,,,,,,,,,,,,,,,,,,,,,,,,,,,,,,,,,,,,,,,
2024-05-09 02:30:58,2024-05-09 02:40:48,0,86,590,0,2024-05-16 02:40:51,R_2xxBman08X6jpjb,anonymous,EN,1,3,26,5,4,4,4,5,4,4,4,4,1,1,4,3,2,2,2,2,1,2,5,2,4,2,3,3,4,3,3,3,4,4,2,4,3,3,3,5,3,1,2,4,4,1,2,2,4,1,3,3,2,1,3,4,4,2,2,2,4,4,1,1,3,1,60,2,,2,,1,4,1,45,,
2024-05-09 03:07:12,2024-05-09 03:07:49,0,10,37,0,2024-05-16 03:07:54,R_7QFviCLbmq1oWau,anonymous,EN,1,,,,,,,,,,,,,,,,,,,,,,,,,,,,,,,,,,,,,,,,,,,,,,,,,,,,,,,,,,,,,,,,,,,,,,,,,,,,
2024-05-09 03:30:44,2024-05-09 03:34:50,0,33,245,0,2024-05-16 03:34:56,R_3hZoRsYojkaL0l3,anonymous,EN,1,1,45,1,4,4,5,,,,,,,,,,,,,,,,,,,,,,,,,,,,,,,,,,,,,,,,,,,,,,,,,,,,,,,,,,,,,,,,,,,,,,
2024-05-09 03:53:14,2024-05-09 03:54:09,0,10,54,0,2024-05-16 03:54:11,R_4cbYYdxiZwOuZpf,anonymous,EN,1,,,,,,,,,,,,,,,,,,,,,,,,,,,,,,,,,,,,,,,,,,,,,,,,,,,,,,,,,,,,,,,,,,,,,,,,,,,,
2024-05-09 03:56:46,2024-05-09 03:58:05,0,33,78,0,2024-05-16 03:58:05,R_5f9U8uaiEtgVBy1,anonymous,EN,1,3,40,1,4,4,4,,,,,,,,,,,,,,,,,,,,,,,,,,,,,,,,,,,,,,,,,,,,,,,,,,,,,,,,,,,,,,,,,,,,,,
2024-05-09 03:57:32,2024-05-09 04:08:01,0,57,628,0,2024-05-16 04:08:02,R_2AFoOH0Ue1V4GgF,anonymous,EN,1,3,39,5,4,4,4,4,4,4,5,5,3,3,4,1,4,4,4,4,5,5,3,3,5,5,5,4,3,4,4,4,4,5,4,4,5,5,5,5,3,3,4,3,4,4,3,3,5,2,4,5,3,4,4,4,4,4,4,4,4,4,4,1,3,1,120,,,,,,,,,,
